ID,Type,SKU,Name,Published,Is featured?,Visibility in catalogue,Short description,Description,Date sale price starts,Date sale price ends,Tax status,Tax class,In stock?,Stock,Low stock amount,Backorders allowed?,Sold individually?,Weight (kg),Length (cm),Width (cm),Height (cm),Allow customer reviews?,Purchase note,Sale price,Regular price,Categories,Tags,Shipping class,Images,Download limit,Download expiry days,Parent,Grouped products,Upsells,Cross-sells,External URL,Button text,Position
11,simple,,Corona Extra 12pk,1,0,visible,,"<div class=""product-view__infos-description"">With a refreshing, smooth taste balanced between heavier European imports and lighter domestic beer, Corona is an even-keeled cerveza with fruity-honey aromas and a touch of malt. The flavor is crisp, clean and well balanced between hops and malt, a superior taste profile from superior ingredients—the finest-quality blend of filtered water, malted barley, hops, corn and yeast.</div>",,,taxable,,1,,,0,0,,,,,0,,28.99,31.99,Beer,,,http://localhost/liquorhutotahuhu/wp-content/uploads/2020/12/976544-Corona12x355mlBtl.jpg,,,,,,,,,0
12,simple,,Corona Extra 18pk,1,0,visible,"<div class=""short-description"">18 x 355ml Bottles</div>\n<div class=""product-description"">\n\nBrewed and bottled in Mexico by Grupo Modelo, Corona is the world's number 1 Mexican beer - a refreshing blend of the finest quality blend of barley, yeast, imported hops and water. Corona has a smooth, refreshing taste and well-rounded character with a pleasant malt and hop aroma. Corona is perfectly complemented when served with a wedge of lime.\n\n</div>",,,,taxable,,1,,,0,0,,,,,0,,39.99,45.99,Beer,,,http://localhost/liquorhutotahuhu/wp-content/uploads/2020/12/4a621919054ad8e36f0abc1a97165ed4.jpg,,,,,,,,,0
13,simple,,Heineken 15x330ml,1,0,visible,Heineken is the world's number one premium and most global beer brand.,,,,taxable,,1,,,0,0,,,,,0,,,34.99,Beer,,,http://localhost/liquorhutotahuhu/wp-content/uploads/2020/12/Heineken-Lager-330ml-bottles-15pk.jpg,,,,,,,,,0
14,simple,,Asahi 12x330ml,1,0,visible,"With its refreshing barley flavour and crisp aftertaste, Asahi Super Dry is by far the most popular high-quality beer in Japan. Since its debut in 1987 as Japan's first dry beer, it has continued to improve the taste and excitement of beer. Its taste has set a new standard that is acknowledged around the world today.",,,,taxable,,1,,,0,0,,,,,0,,,26.99,Beer,,,http://localhost/liquorhutotahuhu/wp-content/uploads/2020/12/d8afe65c1ba4a3b48a2c12fcfb2dc734_f326.jpg,,,,,,,,,0
15,simple,,Becks 12x330ml,1,0,visible,"Sold in over 120 countries world-wide, Beck’s is to this day brewed according to Reinheitsgebot – the German Purity Law - and states that only 4 natural ingredients can be used in its brewing; barley, hops, yeast and water. Best served extremely cold, Beck’s is full of character and instantly recognisable by its pure, crisp and fresh taste, with a slightly bitter aroma.",,,,taxable,,1,,,0,0,,,,,0,,,25.99,Beer,,,http://localhost/liquorhutotahuhu/wp-content/uploads/2020/12/ea5b7a5985326af3cd33f4b74fbee8e5_f1339.jpg,,,,,,,,,0
16,simple,,Peroni 12x330ml,1,0,visible,"Peroni Nastro Assuro is Italy's number one premium beer. It is brewed using the finest hops, two row spring planted barley and contains 25% Italian maize, including the proprietary variety Nostrano Dell'Isola. Effortlessly stylish this Mediterranean style lager delivers an unmistakable crisp, refreshing taste and a fine subtle aroma.",,,,taxable,,1,,,0,0,,,,,0,,,25.99,Beer,,,http://localhost/liquorhutotahuhu/wp-content/uploads/2020/12/17e2c1a09acdf7b38a2ff0e14523ac73_f319.jpg,,,,,,,,,0
17,simple,,Ice Lager 15x330ml,1,0,visible,"A clean, fresh and distinctive ice beer, Lion Ice is ice-brewed, a centuries-old German brewing method known as ‘Eisbock’. This special brewing process involves chilling the beer in ice chambers, causing crystals to form.",,,,taxable,,1,,,0,0,,,,,0,,,24.99,Beer,,,http://localhost/liquorhutotahuhu/wp-content/uploads/2020/12/d7bf9e139134785a6b233229730154be_f981.png,,,,,,,,,0
18,simple,,Export Gold 15x330ml,1,0,invisible,"A golden lager characterised by a pleasant, slightly fruity flavour with a clean, crisp finish. Made using only the finest New Zealand hops, barley and pure spring water, it is perhaps New Zealand’s freshest and most refreshing beer. Export gold is best served ice cold to enhance its drinkability and refreshing flavours.",,,,taxable,,1,,,0,0,,,,,0,,,26.99,Beer,,,http://localhost/liquorhutotahuhu/wp-content/uploads/2020/12/b37633fe1f28dbfe574294417a65e375_f339.jpg,,,,,,,,,0
19,simple,,Lion Red 24x330ml,1,0,visible,"Lion Red is one New Zealand's oldest beers and is full bodied, malt flavoured beer that is balanced with a pleasant hop bitterness that appeals to all beer drinkers.",,,,taxable,,1,,,0,0,,,,,0,,,37.99,Beer,,,http://localhost/liquorhutotahuhu/wp-content/uploads/2020/12/ddada8b70f43b918c026e8107ce0d1ac_f374.jpg,,,,,,,,,0
20,simple,,Speight's 24x330ml,1,0,visible,"Speight’s is the beer of choice after a hard day’s work. Probably the least sweet of all New Zealand beers, this characteristic allows the full flavour of the malt and hops to shine through. Speight’s Gold Medal Ale is a great accompaniment to any meat dish and is superb with Southern game dishes such as venison, duck and rabbit.",,,,taxable,,1,,,0,0,,,,,0,,,37.99,Beer,,,http://localhost/liquorhutotahuhu/wp-content/uploads/2020/12/f9f7c2b573768f78cc0682abb6ce6944_f361.jpg,,,,,,,,,0
21,simple,,Steinlager 24x330ml,1,0,visible,"Steinlager Classic’s international award-winning taste is envied by brewers the world over. Steinlager Classic has a robust hop nose of fresh-cut green grass and a full flavour delivered by the green bullet hop, grown in Nelson at 41 degrees latitude, the perfect hop-growing location. The body of Steinlager Classic delivers a full flavour that is perfectly balanced with a dry, tangy finish and crisp clean bitterness.",,,,taxable,,1,,,0,0,,,,,0,,,39.99,Beer,,,http://localhost/liquorhutotahuhu/wp-content/uploads/2020/12/98fb2a0b91e6d43f370edfb0694934d4_f354.jpg,,,,,,,,,0
22,simple,,Tui 15x330ml,1,0,visible,"Tui East India Pale Ale is a light, crisp, and delicately malted beer. After opening the screw cap and nursing your torn finger you should notice a distinct aroma of the Mangatainoka River. No? Rest the bottle neck gently under your nostril and give it another sniff, you’ll get it.",,,,taxable,,1,,,0,0,,,,,0,,,26.99,Beer,,,http://localhost/liquorhutotahuhu/wp-content/uploads/2020/12/bca23dbf675de024d69a6e7fddefe785_f337.jpg,,,,,,,,,0
23,simple,,Woodstock 18x250ml Cans,1,0,visible,"<div class=""short-description"">18 x 250ml Cans, 7%</div>\n<div class=""product-description"">\n\nWoodstock Bourbon whisky blended with cola, great value for money and ready to drink straight from the fridge.\n\n</div>",,,,taxable,,1,,,0,0,,,,,0,,32.99,34.99,RTD's,,,http://localhost/liquorhutotahuhu/wp-content/uploads/2020/12/53fd8a2c6bc609831010b12520cb3ed4_f279.jpg,,,,,,,,,0
24,simple,,Woodstock 12x250ml Cans,1,0,visible,"<div class=""short-description"">12 x 250ml Cans, 7%</div>\n<div class=""product-description"">\n\nWoodstock Bourbon whisky blended with cola, great value for money and ready to drink straight from the fridge.\n\n</div>",,,,taxable,,1,,,0,0,,,,,0,,,23.99,RTD's,,,http://localhost/liquorhutotahuhu/wp-content/uploads/2020/12/901cbd8c86348bc17448c78ca8dd8c9a_f278.jpg,,,,,,,,,0
25,simple,,Cody 18x250ml cans,1,0,visible,"<div class=""short-description"">18 x 250ml Cans, 7%</div>\n<div class=""product-description"">\n\nCody's Kentucky bourbon blended with cola for great flavour and a smooth taste.\n\n</div>",,,,taxable,,1,,,0,0,,,,,0,,,29.99,RTD's,,,http://localhost/liquorhutotahuhu/wp-content/uploads/2020/12/f49741e61c7a1a718071d8ae4cfeb2ec_f274.jpg,,,,,,,,,0
26,simple,,Cody's 12x250ml Cans,1,0,visible,"<div class=""short-description"">12 x 250ml Cans, 7%</div>\n<div class=""product-description"">\n\nCody's Kentucky bourbon blended with cola for great flavour and a smooth taste.\n\n</div>",,,,taxable,,1,,,0,0,,,,,0,,,22.99,RTD's,,,http://localhost/liquorhutotahuhu/wp-content/uploads/2020/12/99dec5086d12760b8846b5fec0c0c93d_f272.jpg,,,,,,,,,0
27,simple,,Teacher 1 litre,1,0,visible,It is said that William Teacher would not give his name to his blend until he had found perfection. Highland Cream is that whisky. It uses fully smoked peat single malt whisky from The Ardmore distillery as its fingerprint whisky. This gives it incredible depth and smoothness combined with a rich smokey undertone.,,,,taxable,,1,,,0,0,,,,,0,,,38.99,"Spirits, Whiskey",,,http://localhost/liquorhutotahuhu/wp-content/uploads/2020/12/0008093_teachers-scotch-whisky-1000ml.jpeg,,,,,,,,,0
28,simple,,Dewar's 1 litre,1,0,visible,"A hugely popular entry level whisky first created over a century ago. It contains around 40 different whiskies in the blend, with Aberfeldy at its heart.",,,,taxable,,1,,,0,0,,,,,0,,,39.99,"Spirits, Whiskey",,,http://localhost/liquorhutotahuhu/wp-content/uploads/2020/12/976563-Dewars1L.jpg,,,,,,,,,0
29,simple,,Kingfisher 12x330ml,1,0,visible,"<p class=""u-h2 u-color-dark-grey"" data-gtm-vis-recent-on-screen-10432855_193=""428"" data-gtm-vis-first-on-screen-10432855_193=""428"" data-gtm-vis-total-visible-time-10432855_193=""1000"" data-gtm-vis-recent-on-screen-10432855_197=""429"" data-gtm-vis-first-on-screen-10432855_197=""429"" data-gtm-vis-total-visible-time-10432855_197=""1000"" data-gtm-vis-has-fired-10432855_193=""1"" data-gtm-vis-has-fired-10432855_197=""1"">Kingfisher Beer Premium Lager Beer 12pk</p>",,,,taxable,,1,,,0,0,,,,,0,,,21.99,Beer,,,http://localhost/liquorhutotahuhu/wp-content/uploads/2020/12/icon-512-512-true-2f896240010ef228aa8129d7f27986f2.png,,,,,,,,,0
30,simple,,Ranfurly 18x440ml Cans,1,0,visible,"A traditional draught beer, Ranfurly Draught has developed a strong relationship with ‘The Ranfurly Man’ over the years. A real character, drawn from the heartland, ‘The Ranfurly Man’ brings out the tough in all of us.",,,,taxable,,1,,,0,0,,,,,0,,27.99,29.99,Beer,,,http://localhost/liquorhutotahuhu/wp-content/uploads/2020/12/Screen-Shot-2020-04-09-at-3.26.40-PM.png,,,,,,,,,0
31,simple,,Lion Brown 18x330ml Cans,1,0,visible,"Lion Brown was first known as Imperial Draught Ale, before being nick named ‘The Brown Bomber’ by servicemen in the forties and later taking on that name in 1950. Established as Lion Brown from 1953, it was originally served only from the tap- a unique barrel shaped stand that became an icon in pubs around the country. Lion Brown is a deep amber beer with a nutty, biscuity note. Its hoppy nose is balanced with a hint of sweetness which refreshes the palate.",,,,taxable,,1,,,0,0,,,,,0,,24.99,25.99,Beer,,,http://localhost/liquorhutotahuhu/wp-content/uploads/2020/12/Screen-Shot-2020-04-09-at-3.30.27-PM.png,,,,,,,,,0
32,simple,,Flame 15x330ml,1,0,visible,"Extreme measures go into making this popular beer. In fact the process used to make Flame is called ‘extreme brewing’. Malt and hops are first subjected to extreme heat and then concentrated to retain the flavour. The process ends with the beer being ‘crash cooled’ to sub-zero temperatures resulting in a smoother, easy drinking, full strength beer. Flame is a moderately bittered, full-bodied lager style beer. The beer is nicely balanced and has light refreshing fruity notes in the flavour and aftertaste. Whether it’s hot or cold outside, Flame is a favourite of those who appreciate a well-crafted unique beer.",,,,taxable,,1,,,0,0,,,,,0,,,26.99,Beer,,,http://localhost/liquorhutotahuhu/wp-content/uploads/2020/12/0006168_db-flame-15pk-bottles-330ml.jpeg,,,,,,,,,0
33,simple,,Haagen Lager 15x330ml,1,0,visible,Haagen is an award-winning German-styled award premium lager made with natural New Zealand ingredients to create a crisp and refreshing beer for all occasions.,,,,taxable,,1,,,0,0,,,,,0,,,23.99,Beer,,,http://localhost/liquorhutotahuhu/wp-content/uploads/2020/12/Screen-Shot-2020-04-09-at-4.21.46-PM.png,,,,,,,,,0
34,simple,,NZ Pure 12x330ml,1,0,visible,"NZ PURE is a premium, naturally brewed 5% lager that contains no additives or preservatives. NZ PURE – Purify your world.",,,,taxable,,1,,,0,0,,,,,0,,,21.99,Beer,,,http://localhost/liquorhutotahuhu/wp-content/uploads/2020/12/Screen-Shot-2020-04-09-at-4.25.14-PM.png,,,,,,,,,0
35,simple,,Gordons G&T 12x250ml Cans,1,0,visible,A blend of Gordon's and tonic.,,,,taxable,,1,,,0,0,,,,,0,,,25.99,RTD's,,,http://localhost/liquorhutotahuhu/wp-content/uploads/2020/12/gordonsgt_12pk_250ml.jpg,,,,,,,,,0
36,simple,,Smirnoff Double Black 12x250ml Cans,1,0,visible,Smirnoff Ice is the world's largest ready-to-drink vodka brand,,,,taxable,,1,,,0,0,,,,,0,,,27.99,RTD's,,,http://localhost/liquorhutotahuhu/wp-content/uploads/2020/12/974373-SmirnoffDoubleBlack7_12x250mlCan.jpg,,,,,,,,,0
37,simple,,Smirnoff Ice 12x250ml Cans,1,0,visible,The refreshing citrus flavoured premium vodka beverage that started it all.,,,,taxable,,1,,,0,0,,,,,0,,,23.99,RTD's,,,http://localhost/liquorhutotahuhu/wp-content/uploads/2020/12/974372-SmirnoffRed5_12x250mlCan.jpg,,,,,,,,,0
38,simple,,Smirnoff 1 litre,1,0,visible,The world's number one international vodka brand,,,,taxable,,1,,,0,0,,,,,0,,39.99,41.99,"Spirits, Vodka",,,http://localhost/liquorhutotahuhu/wp-content/uploads/2020/12/904821-SmirnoffRed1L.jpg,,,,,,,,,0
39,simple,,Appleton Estate Rum 1 litre,1,0,visible,Full bodied rum with medium sweetness,,,,taxable,,1,,,0,0,,,,,0,,,54.99,"Rum, Spirits",,,http://localhost/liquorhutotahuhu/wp-content/uploads/2020/12/968544-AppletonEstateSignatureBlend1L.jpg,,,,,,,,,0
40,simple,,Bacardi White 1 litre,1,0,visible,"Pure and rounded, with a hint of charry oak",,,,taxable,,1,,,0,0,,,,,0,,42.99,45,"Rum, Spirits",,,http://localhost/liquorhutotahuhu/wp-content/uploads/2020/12/bacardi_cartablanca_1l_800x800.jpg,,,,,,,,,0
44,simple,,Coruba Original 1 litre,1,0,visible,Coruba Jamaica Rum is proud to be 100% natural and 100% Jamaican.,,,,taxable,,1,,,0,0,,,,,0,,,44.99,"Rum, Spirits",,,http://localhost/liquorhutotahuhu/wp-content/uploads/2020/12/968675-CorubaOriginal1L.jpg,,,,,,,,,0
45,simple,,Johnnie Walker Black 1 litre,1,0,visible,Created using only whiskies aged for a minimum of 12 years from the four corners of Scotland,,,,taxable,,1,,,0,0,,,,,0,,,64.99,"Spirits, Whiskey",,,http://localhost/liquorhutotahuhu/wp-content/uploads/2020/12/johnnie_walk_blck_1l_bt12_ls_1_.jpg,,,,,,,,,0
46,simple,,Johnnie Walker Red 1 litre,1,0,visible,Crafted from the four corners of Scotland,,,,taxable,,1,,,0,0,,,,,0,,43.99,45.99,"Spirits, Whiskey",,,http://localhost/liquorhutotahuhu/wp-content/uploads/2020/12/845701-JohnnieWalkerRed1L.jpg,,,,,,,,,0
53,simple,,Bombay Sapphire 1 litre,1,0,visible,The world famous gin in its distinctive blue bottle. Every drop contains 10 hand-selected botanicals from exotic locations around the world.,,,,taxable,,1,,,0,0,,,,,0,,51.99,54.99,"Gin, Spirits",,,http://localhost/liquorhutotahuhu/wp-content/uploads/2020/12/123763-BombaySapphire1L.jpg,,,,,,,,,0
54,simple,,Gordons 1 litre,1,0,visible,"Gordon's Gin is zesty, clean and dry on the palate with a long, full juniper finish.",,,,taxable,,1,,,0,0,,,,,0,,,41.99,"Gin, Spirits",,,http://localhost/liquorhutotahuhu/wp-content/uploads/2020/12/967555-Gordons1L.jpg,,,,,,,,,0
55,simple,,Tanqueray 1 litre,1,0,visible,"Tanqueray London Dry Gin has exceptional, fresh grapefruit citrus fruit notes as well as subtle juniper and a delicious hint of spice, along with a touch of dryness on the palate",,,,taxable,,1,,,0,0,,,,,0,,,54.99,"Gin, Spirits",,,http://localhost/liquorhutotahuhu/wp-content/uploads/2020/12/813077-Tanqueray1L.jpg,,,,,,,,,0
56,simple,,Baileys Irish Cream 1 litre,1,0,visible,The original Irish cream,,,,taxable,,1,,,0,0,,,,,0,,44.99,50,"Liqueurs, Spirits",,,http://localhost/liquorhutotahuhu/wp-content/uploads/2020/12/070465-Baileys1L.jpg,,,,,,,,,0
57,simple,,Jim Beam 1 litre,1,0,visible,The World's number one bourbon,,,,taxable,,1,,,0,0,,,,,0,,,39.99,"Bourbon, Spirits",,,http://localhost/liquorhutotahuhu/wp-content/uploads/2020/12/80686001201-JimBeam.jpg,,,,,,,,,0
58,simple,,Steinlager Classic 18x330ml,1,0,visible,At the heart of Steinlager Classic is the idea of challenge. Steinlager Classic’s international award-winning taste is envied by brewers the world over.,,,,taxable,,1,,,0,0,,,,,0,,,33.99,Beer,,,http://localhost/liquorhutotahuhu/wp-content/uploads/2020/12/Screen-Shot-2020-04-10-at-3.26.34-PM.png,,,,,,,,,0
64,simple,,St Remy 1 litre,1,0,visible,"Amber colour with golden highlights. The blend of the fruitiness and the “acid drop” of the eau-de-vie reveal notes of cherries and raspberries with touches of vanilla and oak. A very complex brandy thanks to richness of the distillates from the French vineyards. First strong and dry, then rounded with a fine complexity. Red fruits aromas, vanilla and woody notes. Suave and well balanced.",,,,taxable,,1,,,0,0,,,,,0,,42.99,44.99,"Brandy, Spirits",,,http://localhost/liquorhutotahuhu/wp-content/uploads/2020/12/brandy.jpg,,,,,,,,,0
65,simple,,woodstock 18x330ml 5%,1,0,visible,"The iconic Woodstock Brand offers New Zealand’s leading range of Bourbon products including the countries largest selling RTD brand. It is distilled, blended and aged at one of Kentucky’s oldest registered distilleries deep in the heart of bourbon country. The raw whiskey is aged in new American white oak barrels until it has developed the smoothness and complexity of flavours needed to proudly bear the Woodstock name.",,,,taxable,,1,,,0,0,,,,,0,,,32.99,RTD's,,,http://localhost/liquorhutotahuhu/wp-content/uploads/2020/12/Screen-Shot-2020-04-10-at-9.40.31-PM.png,,,,,,,,,0
66,simple,,"Long White Raspberry 10 x 320ml Bottles, 4.8%",1,0,visible,,"<div class=""row"">\n<div class=""col-sm-6"">\n<div class=""product-property"">\n<div class=""product-description"">\n\nTriple distilled vodka with naturally flavoured NZ sparkling water. It's light and refreshing and set to become your new best friend this summer! Available in Lemon Lime, Raspberry, Passionfruit &amp; Feijoa. Also available in cans. Flavours may vary by store.\n\n</div>\n</div>\n</div>\n</div>\n<div class=""recommended-specials""></div>",,,taxable,,1,,,0,0,,,,,0,,27.99,29.99,RTD's,,,http://localhost/liquorhutotahuhu/wp-content/uploads/2020/12/0007423_long-white-raspberry-10pk-btls-320ml.jpg,,,,,,,,,0
67,simple,,"Long White Lemon&Lime 10 x 320ml Bottles, 4.8%",1,0,visible,,"Triple distilled vodka with naturally flavoured NZ sparkling water. It's light and refreshing and set to become your new best friend this summer! Available in Lemon Lime, Raspberry, Passionfruit &amp; Feijoa. Also available in cans. Flavours may vary by store.",,,taxable,,1,,,0,0,,,,,0,,27.99,29.99,RTD's,,,http://localhost/liquorhutotahuhu/wp-content/uploads/2020/12/0007421_long-white-vodka-lemonlime-10pk-btls-320ml.jpg,,,,,,,,,0
68,simple,,"Long White Passionfruit 10 x 320ml Bottles, 4.8%",1,0,visible,Triple distilled vodka with naturally flavoured NZ sparkling water.,"<div class=""row"">\n<div class=""col-sm-6"">\n<div class=""product-property"">\n<div class=""product-description"">\n\nTriple distilled vodka with naturally flavoured NZ sparkling water. It's light and refreshing and set to become your new best friend this summer! Available in Lemon Lime, Raspberry, Passionfruit &amp; Feijoa. Also available in cans. Flavours may vary by store.\n\n</div>\n</div>\n</div>\n</div>\n<div class=""recommended-specials""></div>",,,taxable,,1,,,0,0,,,,,0,,27.99,29.99,RTD's,,,http://localhost/liquorhutotahuhu/wp-content/uploads/2020/12/0007422_long-white-passionfruit-10pk-btls-320ml.jpg,,,,,,,,,0
73,simple,,Smirnoff Guarana 12pk Cans,1,0,visible,,,,,taxable,,1,,,0,0,,,,,0,,27.99,29.99,RTD's,,,http://localhost/liquorhutotahuhu/wp-content/uploads/2020/12/172727da4b1894a4175347dc0cf9bb9f_f1535.png,,,,,,,,,0
74,simple,,"Vodka Cruiser Raspberry 12 x 275ml Bottles, 5%",1,0,visible,,Premium triple distilled vodka in a variety of unique flavours from the classic lemon-lime to juicy watermelon.,,,taxable,,1,,,0,0,,,,,0,,,24.99,RTD's,,,http://localhost/liquorhutotahuhu/wp-content/uploads/2020/12/c823469370937f0044a11de92f7f57c7_f982.png,,,,,,,,,0
75,simple,,"Vodka Cruiser Passionfruit 12 x 275ml Bottles, 5%",1,0,visible,,Premium triple distilled vodka in a variety of unique flavours from the classic lemon-lime to juicy watermelon.,,,taxable,,1,,,0,0,,,,,0,,,24.99,RTD's,,,http://localhost/liquorhutotahuhu/wp-content/uploads/2020/12/0016975_cruiser-5-pasionfruit-12pk-btls-275ml.jpg,,,,,,,,,0
76,simple,,"Vodka Cruiser Blueberry 12 x 275ml Bottles, 5%",1,0,visible,,Premium triple distilled vodka in a variety of unique flavours from the classic lemon-lime to juicy watermelon.,,,taxable,,1,,,0,0,,,,,0,,,24.99,RTD's,,,http://localhost/liquorhutotahuhu/wp-content/uploads/2020/12/0016974_cruiser-5-blueberry-12pk-bottles-275ml.jpg,,,,,,,,,0
80,simple,,Tui 24x330ml,1,0,visible,"Tui East India Pale Ale is a light, crisp, and delicately malted beer. After opening the screw cap and nursing your torn finger you should notice a distinct aroma of the Mangatainoka River. No? Rest the bottle neck gently under your nostril and give it another sniff, you’ll get it.",,,,taxable,,1,,,0,0,,,,,0,,,39.99,Beer,,,http://localhost/liquorhutotahuhu/wp-content/uploads/2020/12/bca23dbf675de024d69a6e7fddefe785_f337.jpg,,,,,,,,,0
81,simple,,"Vodka Cruiser Lime 12 x 275ml Bottles, 5%",1,0,visible,,Premium triple distilled vodka in a variety of unique flavours from the classic lemon-lime to juicy watermelon.,,,taxable,,1,,,0,0,,,,,0,,,24.99,RTD's,,,http://localhost/liquorhutotahuhu/wp-content/uploads/2020/12/Cruiser-12pk-bottles-lime.jpg,,,,,,,,,0
82,simple,,"Vodka Cruiser Blackcurrant 12 x 275ml Bottles, 5%",1,0,visible,,Premium triple distilled vodka in a variety of unique flavours from the classic lemon-lime to juicy watermelon.,,,taxable,,1,,,0,0,,,,,0,,,24.99,RTD's,,,http://localhost/liquorhutotahuhu/wp-content/uploads/2020/12/CRUISER-BLACKCURRENT.jpg,,,,,,,,,0
86,simple,,Canadian Club 18 Pack Cans,1,0,visible,,,,,taxable,,1,,,0,0,,,,,0,,,37.99,RTD's,,,http://localhost/liquorhutotahuhu/wp-content/uploads/2020/12/Canadian-Club-18-Pack-Cans.jpg,,,,,,,,,0
87,simple,,"Vodka Cruiser Blackcurrant 12 x 250ml Cans, 7%",1,0,visible,,Premium triple distilled vodka in a variety of unique flavours from the classic lemon-lime to juicy watermelon.,,,taxable,,1,,,0,0,,,,,0,,,24.99,RTD's,,,http://localhost/liquorhutotahuhu/wp-content/uploads/2020/12/Cruiser-12pk-CansBC.jpg,,,,,,,,,0
88,simple,,"Vodka Cruiser Mango 12 x 250ml Cans, 7%",1,0,visible,,Premium triple distilled vodka in a variety of unique flavours from the classic lemon-lime to juicy watermelon.,,,taxable,,1,,,0,0,,,,,0,,,24.99,RTD's,,,http://localhost/liquorhutotahuhu/wp-content/uploads/2020/12/CRUISER-MANGO.jpg,,,,,,,,,0
93,simple,,"Vodka Cruiser Watermelon 12 x 250ml Cans, 7%",1,0,visible,,Premium triple distilled vodka in a variety of unique flavours from the classic lemon-lime to juicy watermelon.,,,taxable,,1,,,0,0,,,,,0,,,24.99,RTD's,,,http://localhost/liquorhutotahuhu/wp-content/uploads/2020/12/CRUISER-WATERMELON-cans.jpg,,,,,,,,,0
94,simple,,"Vodka Cruiser ZERO TROPICAL 12 x 250ml Cans, 7%",1,0,visible,,Premium triple distilled vodka in a variety of unique flavours from the classic lemon-lime to juicy watermelon.,,,taxable,,1,,,0,0,,,,,0,,,24.99,RTD's,,,http://localhost/liquorhutotahuhu/wp-content/uploads/2020/12/CRUISER-ZERO-TROPICAL.jpg,,,,,,,,,0
95,simple,,"Vodka Cruiser Raspberry 12 x 250ml Cans, 7%",1,0,visible,,Premium triple distilled vodka in a variety of unique flavours from the classic lemon-lime to juicy watermelon.,,,taxable,,1,,,0,0,,,,,0,,,24.99,RTD's,,,http://localhost/liquorhutotahuhu/wp-content/uploads/2020/12/cruiserraspberrycans.png,,,,,,,,,0
96,simple,,"Vodka Cruiser Ice 12 x 275ml Bottles, 5%",1,0,visible,,Premium triple distilled vodka in a variety of unique flavours from the classic lemon-lime to juicy watermelon.,,,taxable,,1,,,0,0,,,,,0,,,24.99,RTD's,,,http://localhost/liquorhutotahuhu/wp-content/uploads/2020/12/CRUISERICE.jpg,,,,,,,,,0
102,simple,,"Vodka Cruiser Watermelon 12 x 275ml Bottles, 5%",1,0,visible,,Premium triple distilled vodka in a variety of unique flavours from the classic lemon-lime to juicy watermelon.,,,taxable,,1,,,0,0,,,,,0,,,24.99,RTD's,,,http://localhost/liquorhutotahuhu/wp-content/uploads/2020/12/CRUISER-WATERMELON.jpg,,,,,,,,,0
103,simple,,"Vodka Cruiser Ice 12 x 250ml Cans, 7%",1,0,visible,,Premium triple distilled vodka in a variety of unique flavours from the classic lemon-lime to juicy watermelon.,,,taxable,,1,,,0,0,,,,,0,,,24.99,RTD's,,,http://localhost/liquorhutotahuhu/wp-content/uploads/2020/12/0016976_cruiser-7-ice-12pk-cans-250ml.png,,,,,,,,,0
104,simple,,"Vodka Cruiser Mango Raspberry 12 x 275ml Bottles, 5%",1,0,visible,,Premium triple distilled vodka in a variety of unique flavours from the classic lemon-lime to juicy watermelon.,,,taxable,,1,,,0,0,,,,,0,,,24.99,RTD's,,,http://localhost/liquorhutotahuhu/wp-content/uploads/2020/12/SCRUMANRASP12.jpg,,,,,,,,,0
105,simple,,"Vodka Cruiser Lime 12 x 250ml Cans, 7%",1,0,visible,,Premium triple distilled vodka in a variety of unique flavours from the classic lemon-lime to juicy watermelon.,,,taxable,,1,,,0,0,,,,,0,,,24.99,RTD's,,,http://localhost/liquorhutotahuhu/wp-content/uploads/2020/12/VC_12x250-7-Cool_lime_Cans-1.jpg,,,,,,,,,0
106,simple,,Export 33 330ml 15 Bottles,1,0,visible,,,,,taxable,,1,,,0,0,,,,,0,,,29.99,Beer,,,http://localhost/liquorhutotahuhu/wp-content/uploads/2020/12/Export-33-330ml-15pk-Bottles.jpg,,,,,,,,,0
112,simple,,0% Heineken 12pk,1,0,visible,"<b>Heineken</b>® 0.0 is made from natural ingredients, twice brewed and fermented with <b>heineken's</b> unique a-yeast. The alcohol has been gently removed to achieve a fruity flavor with slight malty notes. With 0.0%* alcohol <b>heineken</b>® 0.0 opens up new beer occasions.",,,,taxable,,1,,,0,0,,,,,0,,,26.99,Beer,,,http://localhost/liquorhutotahuhu/wp-content/uploads/2020/12/00-12x330ml-Bottles.jpg,,,,,,,,,0
113,simple,,Ballantines 1LTR,1,0,visible,,,,,taxable,,1,,,0,0,,,,,0,,,46.99,"Spirits, Whiskey",,,http://localhost/liquorhutotahuhu/wp-content/uploads/2020/12/Ballantines.jpg,,,,,,,,,0
114,simple,,Chivas Regal 700ml,1,0,visible,,,,,taxable,,1,,,0,0,,,,,0,,,55.99,"Spirits, Whiskey",,,http://localhost/liquorhutotahuhu/wp-content/uploads/2020/12/Chivas-Regal.jpg,,,,,,,,,0
115,simple,,Ciroc 700ml,1,0,visible,,,,,taxable,,1,,,0,0,,,,,0,,,64.99,"Spirits, Vodka",,,http://localhost/liquorhutotahuhu/wp-content/uploads/2020/12/CIROC-750-ML.jpg,,,,,,,,,0
116,simple,,Glenfiddich 12YO 700ML,1,0,visible,,,,,taxable,,1,,,0,0,,,,,0,,,70,"Spirits, Whiskey",,,http://localhost/liquorhutotahuhu/wp-content/uploads/2020/12/Glenfiddich12_BOTTLE_HR.jpg,,,,,,,,,0
120,simple,,Gordons Pink Gin 700ML,1,0,visible,,,,,taxable,,1,,,0,0,,,,,0,,,39.99,"Gin, Spirits",,,http://localhost/liquorhutotahuhu/wp-content/uploads/2020/12/Gordons_Bottle_CMYK.jpg,,,,,,,,,0
121,simple,,Grants 1LTR Whiskey,1,0,visible,,,,,taxable,,1,,,0,0,,,,,0,,,39.99,"Spirits, Whiskey",,,http://localhost/liquorhutotahuhu/wp-content/uploads/2020/12/Grants_1000ML.jpg,,,,,,,,,0
122,simple,,Ivanov Vodka 1LTR,1,0,visible,,,,,taxable,,1,,,0,0,,,,,0,,,36.99,"Spirits, Vodka",,,http://localhost/liquorhutotahuhu/wp-content/uploads/2020/12/Ivanov-1L.jpg,,,,,,,,,0
128,simple,,Jagermeister 1LTR,1,0,visible,,,,,taxable,,1,,,0,0,,,,,0,,54.99,59.99,"Liqueurs, Spirits",,,http://localhost/liquorhutotahuhu/wp-content/uploads/2020/12/0009809_jagermeister-herbal-liquor-700-ml.jpg,,,,,,,,,0
129,simple,,Waikato 24PK,1,0,visible,,,,,taxable,,1,,,0,0,,,,,0,,,37.99,Beer,,,http://localhost/liquorhutotahuhu/wp-content/uploads/2020/12/0006401_waikato-draught-24pk-btls-5-330ml.jpg,,,,,,,,,0
130,simple,,Jim Beam 10pk Zero Cans,1,0,visible,,,,,taxable,,1,,,0,0,,,,,0,,,23.99,RTD's,,,http://localhost/liquorhutotahuhu/wp-content/uploads/2020/12/cc827042c16e7794783605b2b03d707a_f1005.png,,,,,,,,,0
131,simple,,"Long White Apple & Pear 10 x 320ml Bottles, 4.8%",1,0,visible,,"Triple distilled vodka with naturally flavoured NZ sparkling water. It's light and refreshing and set to become your new best friend this summer! Available in Lemon Lime, Raspberry, Passionfruit &amp; Feijoa. Also available in cans. Flavours may vary by store.",,,taxable,,1,,,0,0,,,,,0,,27.99,29.99,RTD's,,,http://localhost/liquorhutotahuhu/wp-content/uploads/2020/12/Long-White_10pk_ApplandPear.jpg,,,,,,,,,0
132,simple,,KGB 18pk Cans,1,0,visible,,,,,taxable,,1,,,0,0,,,,,0,,,33.99,RTD's,,,http://localhost/liquorhutotahuhu/wp-content/uploads/2020/12/0026941_kgb-7-vodka-n-lemon-18pk-cans-250ml.jpg,,,,,,,,,0
137,simple,,KGB Lemon 12PK BTLS,1,0,visible,,,,,taxable,,1,,,0,0,,,,,0,,,24.99,RTD's,,,http://localhost/liquorhutotahuhu/wp-content/uploads/2020/12/138bc1495fcfeadb832ab9581a853a87_f289.jpg,,,,,,,,,0
138,simple,,Black Heart 12pk Bottles,1,0,visible,,,,,taxable,,1,,,0,0,,,,,0,,,24.99,RTD's,,,http://localhost/liquorhutotahuhu/wp-content/uploads/2020/12/9b288fe4c0d173b18b91f7af33c326af_f286.jpg,,,,,,,,,0
139,simple,,Coruba 5% 12PK Cans,1,0,visible,,,,,taxable,,1,,,0,0,,,,,0,,,23.99,RTD's,,,http://localhost/liquorhutotahuhu/wp-content/uploads/2020/12/6-1.jpg,,,,,,,,,0
140,simple,,Somersby Apple Cider 12PK Bottles,1,0,visible,,,,,taxable,,1,,,0,0,,,,,0,,,24.99,CIDERS,,,http://localhost/liquorhutotahuhu/wp-content/uploads/2020/12/49261.jpg,,,,,,,,,0
141,simple,,Somersby Blackberry Cider 12PK Bottles,1,0,visible,,,,,taxable,,1,,,0,0,,,,,0,,,24.99,CIDERS,,,http://localhost/liquorhutotahuhu/wp-content/uploads/2020/12/0016989_somersby-blackberry-cider-45-12pk-btls-330ml.jpg,,,,,,,,,0
148,simple,,Jim Beam 7% 8pk Cans,1,0,visible,,,,,taxable,,1,,,0,0,,,,,0,,,22.99,RTD's,,,http://localhost/liquorhutotahuhu/wp-content/uploads/2020/12/Screen-Shot-2020-04-12-at-12.04.13-AM.png,,,,,,,,,0
149,simple,,Purple Goanna 7% 12PK Cans,1,0,visible,,,,,taxable,,1,,,0,0,,,,,0,,,25.99,RTD's,,,http://localhost/liquorhutotahuhu/wp-content/uploads/2020/12/20.jpg,,,,,,,,,0
150,simple,,Purple Goanna 12PK Bottles,1,0,visible,,,,,taxable,,1,,,0,0,,,,,0,,,25.99,RTD's,,,http://localhost/liquorhutotahuhu/wp-content/uploads/2020/12/21.jpg,,,,,,,,,0
151,simple,,Gordons Pink Gin 12pk Cans,1,0,visible,,,,,taxable,,1,,,0,0,,,,,0,,,26.99,RTD's,,,http://localhost/liquorhutotahuhu/wp-content/uploads/2020/12/0029432_gordons-pink-gin-4-12pk-cans-250ml.jpg,,,,,,,,,0
152,simple,,ABSOLUTE 1L,1,0,visible,,,,,taxable,,1,,,0,0,,,,,0,,45.99,49.99,"Spirits, Vodka",,,http://localhost/liquorhutotahuhu/wp-content/uploads/2020/12/ABSOLUT-1L.jpg,,,,,,,,,0
153,simple,,JACK DANIEL'S 1L,1,0,visible,,,,,taxable,,1,,,0,0,,,,,0,,,54.99,"Bourbon, Spirits",,,http://localhost/liquorhutotahuhu/wp-content/uploads/2020/12/JD.jpg,,,,,,,,,0
159,simple,,JAMESON 1L,1,0,visible,,,,,taxable,,1,,,0,0,,,,,0,,,54.99,"Spirits, Whiskey",,,http://localhost/liquorhutotahuhu/wp-content/uploads/2020/12/Jameson-Original-1L.jpg,,,,,,,,,0
160,simple,,JOSE CUERVO GOLD 700ML,1,0,visible,,,,,taxable,,1,,,0,0,,,,,0,,,38.99,"Spirits, TEQUILA",,,http://localhost/liquorhutotahuhu/wp-content/uploads/2020/12/Jose-Cuervo.jpg,,,,,,,,,0
161,simple,,CAPTAIN MORGAN DARK 1L,1,0,visible,,,,,taxable,,1,,,0,0,,,,,0,,,46.99,"Rum, Spirits",,,http://localhost/liquorhutotahuhu/wp-content/uploads/2020/12/CaptainMorgan_1L_BlackLabel.jpg,,,,,,,,,0
162,simple,,Black Heart 1L Rum,1,0,visible,,,,,taxable,,1,,,0,0,,,,,0,,,44.99,"Rum, Spirits",,,http://localhost/liquorhutotahuhu/wp-content/uploads/2020/12/BlackHeart-1L.jpg,,,,,,,,,0
163,simple,,FAMOUS GROUSE 1L,1,0,visible,,,,,taxable,,1,,,0,0,,,,,0,,,49.99,"Spirits, Whiskey",,,http://localhost/liquorhutotahuhu/wp-content/uploads/2020/12/FAMOUS-GROUSE.jpg,,,,,,,,,0
170,simple,,GREY GOOSE 700ML,1,0,visible,,,,,taxable,,1,,,0,0,,,,,0,,69.99,75,"Spirits, Vodka",,,http://localhost/liquorhutotahuhu/wp-content/uploads/2020/12/GreyGoose_Original.jpg,,,,,,,,,0
171,simple,,SEAGER YELLOW 1L,1,0,visible,,,,,taxable,,1,,,0,0,,,,,0,,,39.99,"Gin, Spirits",,,http://localhost/liquorhutotahuhu/wp-content/uploads/2020/12/Seagers-1L.jpg,,,,,,,,,0
172,simple,,STELLA 12PK BTLS,1,0,visible,,,,,taxable,,1,,,0,0,,,,,0,,,29.99,Beer,,,http://localhost/liquorhutotahuhu/wp-content/uploads/2020/12/Stella_12pk.jpg,,,,,,,,,0
173,simple,,PURE BLONDE 12PK BTLS,1,0,visible,,,,,taxable,,1,,,0,0,,,,,0,,,25.99,Beer,,,http://localhost/liquorhutotahuhu/wp-content/uploads/2020/12/Pure-Blonde-12pk.jpg,,,,,,,,,0
174,simple,,Woodstock 7% Bourbon n Cola 24pk Cans 330ml,1,0,visible,,,,,taxable,,1,,,0,0,,,,,0,,61.99,66.99,RTD's,,,http://localhost/liquorhutotahuhu/wp-content/uploads/2020/12/0002209_woodstock-bourbon-7-330ml-6-pack-cans_550_633_1024x1024.jpg,,,,,,,,,0
175,simple,,PALS GIN LEMON CUCUMBER & SODA 10 PACK,1,0,visible,,,,,taxable,,1,,,0,0,,,,,0,,,29.99,RTD's,,,http://localhost/liquorhutotahuhu/wp-content/uploads/2020/12/95611-10-4.png,,,,,,,,,0
181,simple,,PALS VODKA WATERMELON MINT & SODA CAN 10 PACK,1,0,visible,,,,,taxable,,1,,,0,0,,,,,0,,,29.99,RTD's,,,http://localhost/liquorhutotahuhu/wp-content/uploads/2020/12/95613-10.png,,,,,,,,,0
182,simple,,BILLY MAVERICK 7% 18PK CANS,1,0,visible,,,,,taxable,,1,,,0,0,,,,,0,,,32.99,RTD's,,,http://localhost/liquorhutotahuhu/wp-content/uploads/2020/12/Billy-Maverick-18pk-Cans-1.jpg,,,,,,,,,0
183,simple,,Export Gold 24x330ml,1,0,visible,"A golden lager characterised by a pleasant, slightly fruity flavour with a clean, crisp finish. Made using only the finest New Zealand hops, barley and pure spring water, it is perhaps New Zealand’s freshest and most refreshing beer. Export gold is best served ice cold to enhance its drinkability and refreshing flavours.",,,,taxable,,1,,,0,0,,,,,0,,,39.99,Beer,Beer,,http://localhost/liquorhutotahuhu/wp-content/uploads/2020/12/Export-Gold-330ml-24pk-Bottles-1.jpg,,,,,,,,,0
184,simple,,Coruba & Cola 12 x 250ml Cans 7%,1,0,visible,,,,,taxable,,1,,,0,0,,,,,0,,,28.99,RTD's,,,http://localhost/liquorhutotahuhu/wp-content/uploads/2020/12/coruba-7-250ml-can.jpg,,,,,,,,,0
185,simple,,MALIBU 1L,1,0,visible,,,,,taxable,,1,,,0,0,,,,,0,,,41.99,"Liqueurs, Spirits",,,http://localhost/liquorhutotahuhu/wp-content/uploads/2020/12/Malibu.jpg,,,,,,,,,0
191,simple,,Gentlemen Jack 700ml,1,0,visible,,,,,taxable,,1,,,0,0,,,,,0,,67.99,69.99,"Spirits, Whiskey",,,http://localhost/liquorhutotahuhu/wp-content/uploads/2020/12/Gentleman-Jack-700ml-OL.jpg,,,,,,,,,0
192,simple,,NZ LAGER 18PK 5% 330ML CANS,1,0,visible,,"A good value beer that trades well on its black can and traditional New Zealand image. Made only from locally sourced ingredients New Zealand Lager is a full strength, easy drinking lager, a full flavoured, and staunch favourite all over Auckland where it has a loyal following.\n\n",,,taxable,,1,,,0,0,,,,,0,,,24.99,Beer,,,http://localhost/liquorhutotahuhu/wp-content/uploads/2020/12/Screen-Shot-2020-04-13-at-11.22.06-AM.png,,,,,,,,,0
193,simple,,Effen Raspberry 10pk Bottles 330ml,1,0,visible,"EFFEN is Dutch for “smooth, even, and balanced,” and was created for those who are deliberate about every detail they choose. From their clothes and clubs, to their cocktails and company they keep. EFFEN Vodka wasn’t just distilled for them—it was designed for them. This divine premix is a blend of EFFEN vodka, sparkling water and a hint of raspberry. ABV: 4.8%\n",,,,taxable,,1,,,0,0,,,,,0,,,29.99,RTD's,,,http://localhost/liquorhutotahuhu/wp-content/uploads/2020/12/0029706.jpg,,,,,,,,,0
194,simple,,Johnnie Walker Double Black 700ml,1,0,visible,,,,,taxable,,1,,,0,0,,,,,0,,,75.99,"Spirits, Whiskey",,,http://localhost/liquorhutotahuhu/wp-content/uploads/2020/12/Johnnie-Walker-Double-Black-750MLb.jpg,,,,,,,,,0
195,simple,,BARREL 51 7% 12PK CANS 330ML,1,0,visible,,,,,taxable,,1,,,0,0,,,,,0,,,28.99,RTD's,,,http://localhost/liquorhutotahuhu/wp-content/uploads/2020/12/Screen-Shot-2020-04-13-at-8.01.41-PM.png,,,,,,,,,0
200,simple,,Jim Beam 10pk Cola Cans,1,0,visible,,,,,taxable,,1,,,0,0,,,,,0,,,24.99,RTD's,,,http://localhost/liquorhutotahuhu/wp-content/uploads/2020/12/425145_master.jpg,,,,,,,,,0
201,simple,,DARK HORSE 18PK CAN,1,0,visible,,,,,taxable,,1,,,0,0,,,,,0,,,32.99,RTD's,,,http://localhost/liquorhutotahuhu/wp-content/uploads/2020/12/Dark-Horse-7-18pk-Cans.jpg,,,,,,,,,0
202,simple,,JACK DANIEL'S 10PK 330ML CAN,1,0,visible,,,,,taxable,,1,,,0,0,,,,,0,,,29.99,RTD's,,,http://localhost/liquorhutotahuhu/wp-content/uploads/2020/12/JD-Cola10-pk-1.jpg,,,,,,,,,0
203,simple,,TUI BOURBON 18PK CANS,1,0,visible,,,,,taxable,,1,,,0,0,,,,,0,,,32.99,RTD's,,,http://localhost/liquorhutotahuhu/wp-content/uploads/2020/12/Tui-7-RTD-18pk.jpg,,,,,,,,,0
209,simple,,TUI VODKA 18PK CANS,1,0,visible,,,,,taxable,,1,,,0,0,,,,,0,,,32.99,RTD's,,,http://localhost/liquorhutotahuhu/wp-content/uploads/2020/12/Tui-RTD-Vodka-Box-Render_18PK2.jpg,,,,,,,,,0
210,simple,,WOODSTOCK ZERO 12PK CANS,1,0,visible,,,,,taxable,,1,,,0,0,,,,,0,,,23.99,RTD's,,,http://localhost/liquorhutotahuhu/wp-content/uploads/2020/12/WOODSTOCK-ZERO-12PK.jpg,,,,,,,,,0
211,simple,,SMIRNOFF BLACKCURRANT 12PK CANS,1,0,visible,,,,,taxable,,1,,,0,0,,,,,0,,,27.99,RTD's,,,http://localhost/liquorhutotahuhu/wp-content/uploads/2020/12/blackcurrant.png,,,,,,,,,0
212,simple,,SMIRNOFF RASPBERRY 12PK CANS,1,0,visible,,,,,taxable,,1,,,0,0,,,,,0,,,27.99,RTD's,,,http://localhost/liquorhutotahuhu/wp-content/uploads/2020/12/Smirnoff_double_Black_12pk_cans_Rasp.jpg,,,,,,,,,0
213,simple,,LINDAUER ROSÉ,1,0,visible,,,,,taxable,,1,,,0,0,,,,,0,,,15.99,Wine,,,http://localhost/liquorhutotahuhu/wp-content/uploads/2020/12/Lindrose.png,,,,,,,,,0
220,simple,,CORUBA 5% 10PK BTLS,1,0,visible,,,,,taxable,,1,,,0,0,,,,,0,,,28.99,RTD's,,,http://localhost/liquorhutotahuhu/wp-content/uploads/2020/12/coruba-5-330ml-bottle.jpg,,,,,,,,,0
221,simple,,RUSSIAN PLAIN 1L,1,0,visible,,,,,taxable,,1,,,0,0,,,,,0,,,45.99,"Spirits, Vodka",,,http://localhost/liquorhutotahuhu/wp-content/uploads/2020/12/RSO-bottle-shot-new-2019.jpg,,,,,,,,,0
222,simple,,OLD MONK RUM 750ML,1,0,visible,,,,,taxable,,1,,,0,0,,,,,0,,,39.99,"Rum, Spirits",,,http://localhost/liquorhutotahuhu/wp-content/uploads/2020/12/Old-Monk-Rum-24250-L_large.jpg,,,,,,,,,0
223,simple,,Bells 1L,1,0,visible,,,,,taxable,,1,,,0,0,,,,,0,,,42.99,"Spirits, Whiskey",,,http://localhost/liquorhutotahuhu/wp-content/uploads/2020/12/Bells_1L-1.jpg,,,,,,,,,0
224,simple,,PART TIME AFRICAN VODKA 10PK CANS,1,0,visible,,,,,taxable,,1,,,0,0,,,,,0,,,28.99,RTD's,,,http://localhost/liquorhutotahuhu/wp-content/uploads/2020/12/african.png,,,,,,,,,0
225,simple,,Kahlua 1L,1,0,visible,,,,,taxable,,1,,,0,0,,,,,0,,,43.99,"Liqueurs, Spirits",,,http://localhost/liquorhutotahuhu/wp-content/uploads/2020/12/kahlua-litre.jpg,,,,,,,,,0
231,simple,,PART TIME White Rhino Gin 10PK CANS,1,0,visible,,,,,taxable,,1,,,0,0,,,,,0,,,28.99,RTD's,,,http://localhost/liquorhutotahuhu/wp-content/uploads/2020/12/99544.png,,,,,,,,,0
232,simple,,PART TIME AFRICAN Tropical Vodka 10PK CANS,1,0,visible,,,,,taxable,,1,,,0,0,,,,,0,,,28.99,RTD's,,,http://localhost/liquorhutotahuhu/wp-content/uploads/2020/12/99559-10.png,,,,,,,,,0
233,simple,,Hennessy VS,1,0,visible,,,,,taxable,,1,,,0,0,,,,,0,,,69.99,"COGNAC, Spirits",,,http://localhost/liquorhutotahuhu/wp-content/uploads/2020/12/henessy-vs-70cl.jpg,,,,,,,,,0
234,simple,,Fosters Beer 24pk,1,0,visible,,,,,taxable,,1,,,0,0,,,,,0,,,54.99,Beer,,,http://localhost/liquorhutotahuhu/wp-content/uploads/2020/12/0017411_fosters-cans-4x6x375ml.jpg,,,,,,,,,0
235,simple,,Absolute Vanilla 700ml,1,0,visible,,,,,taxable,,1,,,0,0,,,,,0,,,39.99,"Spirits, Vodka",,,http://localhost/liquorhutotahuhu/wp-content/uploads/2020/12/bse.jpg,,,,,,,,,0
240,simple,,Sourz Apple 700ml,1,0,visible,,,,,taxable,,1,,,0,0,,,,,0,,,28.99,"Liqueurs, Spirits",,,http://localhost/liquorhutotahuhu/wp-content/uploads/2020/12/Sourz-Apple-600x600-1.jpg,,,,,,,,,0
241,simple,,Odd Company Lemon&Lime10 pack 330ml cans,1,0,visible,,,,,taxable,,1,,,0,0,,,,,0,,,26.99,RTD's,,,http://localhost/liquorhutotahuhu/wp-content/uploads/2020/12/OddCompany-ThePartyGuy-330mL1.jpg,,,,,,,,,0
242,simple,,J/W Blue Label 700ML,1,0,visible,,,,,taxable,,1,,,0,0,,,,,0,,,239.99,"Spirits, Whiskey",,,http://localhost/liquorhutotahuhu/wp-content/uploads/2020/12/johnnie-walker-blue-label-rare.png,,,,,,,,,0
243,simple,,Long White Feijoa 10pk Btls 320ml,1,0,visible,,,,,taxable,,1,,,0,0,,,,,0,,27.99,29.99,RTD's,,,http://localhost/liquorhutotahuhu/wp-content/uploads/2020/12/0008802_long-white-feijoa-10pk-btls-320ml.jpg,,,,,,,,,0
247,simple,,Jim Beam Black 1LTR,1,0,visible,,,,,taxable,,1,,,0,0,,,,,0,,,57.99,"Bourbon, Spirits",,,http://localhost/liquorhutotahuhu/wp-content/uploads/2020/12/7dfa88cc55e623097d08f1ff87dc95c0f434f32d-600x600-1.jpg,,,,,,,,,0
248,simple,,Wild Turkey American Honey 700ML,1,0,visible,,,,,taxable,,1,,,0,0,,,,,0,,,47.99,"Bourbon, Spirits",,,http://localhost/liquorhutotahuhu/wp-content/uploads/2020/12/9221572722718.jpg,,,,,,,,,0
249,simple,,Gordons Gin 4Pk Bottles,1,0,visible,,,,,taxable,,1,,,0,0,,,,,0,,,13.99,RTD's,,,http://localhost/liquorhutotahuhu/wp-content/uploads/2020/12/Gordons-GT-300x300-1.jpg,,,,,,,,,0
253,simple,,Corbans sav. blanc 750ml,1,0,visible,,,,,taxable,,1,,,0,0,,,,,0,,,11.99,Wine,,,http://localhost/liquorhutotahuhu/wp-content/uploads/2020/12/Corbans-White-Label-Sauvignon-Blanc.jpg,,,,,,,,,0
254,simple,,AQUILA BLUE 750ML,1,0,visible,,,,,taxable,,1,,,0,0,,,,,0,,,11.99,Wine,,,http://localhost/liquorhutotahuhu/wp-content/uploads/2020/12/aquila-blue.png,,,,,,,,,0
255,simple,,THE NED PINOT GRIS 750ML,1,0,visible,,,,,taxable,,1,,,0,0,,,,,0,,19.99,22.99,Wine,,,http://localhost/liquorhutotahuhu/wp-content/uploads/2020/12/theNedPino.png,,,,,,,,,0
261,simple,,THE NED SAUVIGNON BLANC 750ML,1,0,visible,,,,,taxable,,1,,,0,0,,,,,0,,19.99,22.99,Wine,,,http://localhost/liquorhutotahuhu/wp-content/uploads/2020/12/thenedsav.png,,,,,,,,,0
262,simple,,THE NED ROSE 750ML,1,0,visible,,,,,taxable,,1,,,0,0,,,,,0,,19.99,22.99,Wine,,,http://localhost/liquorhutotahuhu/wp-content/uploads/2020/12/The-Ned-Rose.jpg,,,,,,,,,0
263,simple,,HARDY'S REGIONAL SHIRAZ 1LTR,1,0,visible,,,,,taxable,,1,,,0,0,,,,,0,,,12.99,Wine,,,http://localhost/liquorhutotahuhu/wp-content/uploads/2020/12/10307585.jpg,,,,,,,,,0
264,simple,,BERNADINO 700ML,1,0,visible,,,,,taxable,,1,,,0,0,,,,,0,,,11.99,Wine,,,http://localhost/liquorhutotahuhu/wp-content/uploads/2020/12/bernadino.png,,,,,,,,,0
265,simple,,HARDY'S REGIONAL SAUV 1 LTR,1,0,visible,,,,,taxable,,1,,,0,0,,,,,0,,,12.99,Wine,,,http://localhost/liquorhutotahuhu/wp-content/uploads/2020/12/icon-512-512-true-64d5d76d27f3f96064ff56f76bd7ef10.jpg,,,,,,,,,0
271,simple,,COUNTRY MEDIUM WHITE 3L,1,0,visible,,,,,taxable,,1,,,0,0,,,,,0,,,29.99,Wine,,,http://localhost/liquorhutotahuhu/wp-content/uploads/2020/12/Countrymediumwhite.png,,,,,,,,,0
272,simple,,CORBON PINOT GRIS 750ML,1,0,visible,,,,,taxable,,1,,,0,0,,,,,0,,,11.99,Wine,,,http://localhost/liquorhutotahuhu/wp-content/uploads/2020/12/0005613.jpeg,,,,,,,,,0
273,simple,,COUNTRY DRY WHITE 3L,1,0,visible,,,,,taxable,,1,,,0,0,,,,,0,,,29.99,Wine,,,http://localhost/liquorhutotahuhu/wp-content/uploads/2020/12/countrydrywhite.png,,,,,,,,,0
274,simple,,COUNTRY RED WINE  3LTR,1,0,visible,,,,,taxable,,1,,,0,0,,,,,0,,,29.99,Wine,,,http://localhost/liquorhutotahuhu/wp-content/uploads/2020/12/COUNTRY.jpg,,,,,,,,,0
275,simple,,BROWN BROTHERS CIENNA 750ML,1,0,visible,,,,,taxable,,1,,,0,0,,,,,0,,,18.99,Wine,,,http://localhost/liquorhutotahuhu/wp-content/uploads/2020/12/brownBrothersCienna.png,,,,,,,,,0
281,simple,,BROWN BROTHERS DOLCETTO 750ML,1,0,visible,,,,,taxable,,1,,,0,0,,,,,0,,,18.99,Wine,,,http://localhost/liquorhutotahuhu/wp-content/uploads/2020/12/brownbrothersdelcheto.png,,,,,,,,,0
282,simple,,BROWN BROS MOSC SPK ROSA,1,0,visible,,,,,taxable,,1,,,0,0,,,,,0,,,17.99,Wine,,,http://localhost/liquorhutotahuhu/wp-content/uploads/2020/12/540908.png,,,,,,,,,0
283,simple,,JACOBS CK SPK MOSC ROSE 750ML,1,0,visible,,,,,taxable,,1,,,0,0,,,,,0,,15.99,18.99,Wine,,,http://localhost/liquorhutotahuhu/wp-content/uploads/2020/12/jacob-creek-moscato-rose.png,,,,,,,,,0
284,simple,,LINDAUER PINOT GRIS 750ML,1,0,visible,,,,,taxable,,1,,,0,0,,,,,0,,,15.99,Wine,,,http://localhost/liquorhutotahuhu/wp-content/uploads/2020/12/lindpino.png,,,,,,,,,0
285,simple,,LINDAUER SAUVIGNON BLANC 750ML,1,0,visible,,,,,taxable,,1,,,0,0,,,,,0,,,15.99,Wine,,,http://localhost/liquorhutotahuhu/wp-content/uploads/2020/12/lindsav.png,,,,,,,,,0
289,simple,,CORBON CHARDONAY 750ML,1,0,visible,,,,,taxable,,1,,,0,0,,,,,0,,,11.99,Wine,,,http://localhost/liquorhutotahuhu/wp-content/uploads/2020/12/Corbans-White-Label-Chardonnay.jpg,,,,,,,,,0
290,simple,,LINDAUER BRUT 750ML,1,0,visible,,"Lindauer Brut Cuvée is made from traditional champagne grape varieties, Chardonnay and Pinot Noir, and uses the authentic method of bottling the wine for its second fermentation, a technique that creates the sparkle and distinctive yeasty flavours.",,,taxable,,1,,,0,0,,,,,0,,,15.99,Wine,,,http://localhost/liquorhutotahuhu/wp-content/uploads/2020/12/ngaire_oldham_-_lindauer_brut_1x750ml.jpg,,,,,,,,,0
291,simple,,CHASSEUR DRY WHITE 3L CASK,1,0,visible,,,,,taxable,,1,,,0,0,,,,,0,,,29.99,Wine,,,http://localhost/liquorhutotahuhu/wp-content/uploads/2020/12/CHASSEURDryWhite.png,,,,,,,,,0
297,simple,,CHASSEUR RED 3L CASK,1,0,visible,,,,,taxable,,1,,,0,0,,,,,0,,,29.99,Wine,,,http://localhost/liquorhutotahuhu/wp-content/uploads/2020/12/CHASSEUR.jpg,,,,,,,,,0
298,simple,,JIM BEAM GOLD 12PK 7% 250ML,1,0,visible,,,,,taxable,,1,,,0,0,,,,,0,,26.99,28.99,RTD's,,,http://localhost/liquorhutotahuhu/wp-content/uploads/2020/12/0007716_jim-beam-gold-cola-7-12pk-cans-250ml.jpeg,,,,,,,,,0
299,simple,,MUD HOUSE SAUVIGNON BLANC,1,0,visible,,,,,taxable,,1,,,0,0,,,,,0,,16.99,18.99,Wine,,,http://localhost/liquorhutotahuhu/wp-content/uploads/2020/12/MudHouseSav.png,,,,,,,,,0
300,simple,,MUD HOUSE PINOT NOIR 750ML,1,0,visible,,,,,taxable,,1,,,0,0,,,,,0,,,25.99,Wine,,,http://localhost/liquorhutotahuhu/wp-content/uploads/2020/12/14671.png,,,,,,,,,0
301,simple,,MUD HOUSE PINOT GRIS 750ML,1,0,visible,,,,,taxable,,1,,,0,0,,,,,0,,16.99,18.99,Wine,,,http://localhost/liquorhutotahuhu/wp-content/uploads/2020/12/mudhouse-pg-2019-350.png,,,,,,,,,0
307,simple,,MUD HOUSE CHARDONNY 750ML,1,0,visible,,,,,taxable,,1,,,0,0,,,,,0,,,18.99,Wine,,,http://localhost/liquorhutotahuhu/wp-content/uploads/2020/12/MudHouse_Chard_2048x2048.png,,,,,,,,,0
308,simple,,VILLA MARIA CS SAV BLANC 750ML,1,0,visible,,,,,taxable,,1,,,0,0,,,,,0,,,18.99,Wine,,,http://localhost/liquorhutotahuhu/wp-content/uploads/2020/12/villamariacssb350.jpg,,,,,,,,,0
309,simple,,VILLA MARIA MERLOT 750ML,1,0,visible,,,,,taxable,,1,,,0,0,,,,,0,,,16.99,Wine,,,http://localhost/liquorhutotahuhu/wp-content/uploads/2020/12/villamaria-pb-merlot350.png,,,,,,,,,0
310,simple,,VILLA MARIA PINOT GRIS 750ML,1,0,visible,,,,,taxable,,1,,,0,0,,,,,0,,,16.99,Wine,,,http://localhost/liquorhutotahuhu/wp-content/uploads/2020/12/villamaria-pb-pinotgris350.png,,,,,,,,,0
311,simple,,VILLA MARIA PINOT NOIR 750ML,1,0,visible,,,,,taxable,,1,,,0,0,,,,,0,,,19.99,Wine,,,http://localhost/liquorhutotahuhu/wp-content/uploads/2020/12/download.jpg,,,,,,,,,0
317,simple,,VILLA MARIA ROSE 750ML,1,0,visible,,,,,taxable,,1,,,0,0,,,,,0,,16.99,18.99,Wine,,,http://localhost/liquorhutotahuhu/wp-content/uploads/2020/12/Villa-Maria-Private-Bin-Rose.jpg,,,,,,,,,0
318,simple,,PEPPERJACK CABSAV 750ML,1,0,visible,,,,,taxable,,1,,,0,0,,,,,0,,,25.99,Wine,,,http://localhost/liquorhutotahuhu/wp-content/uploads/2020/12/0026403_pepperjack-cabernet-sauvignon-750ml.jpeg,,,,,,,,,0
319,simple,,PEPPERJACK SHIRAZ 750ML,1,0,visible,,,,,taxable,,1,,,0,0,,,,,0,,,25.99,Wine,,,http://localhost/liquorhutotahuhu/wp-content/uploads/2020/12/0026404_pepperjack-shiraz-750ml.jpeg,,,,,,,,,0
320,simple,,BANROCK PINK MOSCATO 750ML,1,0,visible,,,,,taxable,,1,,,0,0,,,,,0,,12.99,14.99,Wine,,,http://localhost/liquorhutotahuhu/wp-content/uploads/2020/12/23801-6.png,,,,,,,,,0
321,simple,,PENFOLD CLUB TAWNY 750ML,1,0,visible,,,,,taxable,,1,,,0,0,,,,,0,,28.99,31.99,PORTS,,,http://localhost/liquorhutotahuhu/wp-content/uploads/2020/12/0026405_penfolds-club-port-750ml.jpeg,,,,,,,,,0
327,simple,,CODYS GOLD 7% 12PK CAN,1,0,visible,,,,,taxable,,1,,,0,0,,,,,0,,,26.99,RTD's,,,http://localhost/liquorhutotahuhu/wp-content/uploads/2020/12/CODY-GOLD-7-12-PK-CAN.jpg,,,,,,,,,0
328,simple,,DIESEL 7% 18PK CAN,1,0,visible,,,,,taxable,,1,,,0,0,,,,,0,,,33.99,RTD's,,,http://localhost/liquorhutotahuhu/wp-content/uploads/2020/12/DIESEL-7-18PK-CANS.jpg,,,,,,,,,0
329,simple,,JACK DANIEL'S 12PK BTLS,1,0,visible,,,,,taxable,,1,,,0,0,,,,,0,,,38.99,RTD's,,,http://localhost/liquorhutotahuhu/wp-content/uploads/2020/12/10041-1-jackdaniel-24_thumb.jpg,,,,,,,,,0
330,simple,,CLEAN COLECTIVE PINK GIN 12PK,1,0,visible,,,,,taxable,,1,,,0,0,,,,,0,,,29.99,RTD's,,,http://localhost/liquorhutotahuhu/wp-content/uploads/2020/12/EL3uwiuUYAAT8GW_300x300.jpg,,,,,,,,,0
331,simple,,CLEAN COLECTIVE BERRY 12PK CAN,1,0,visible,,,,,taxable,,1,,,0,0,,,,,0,,,29.99,RTD's,,,http://localhost/liquorhutotahuhu/wp-content/uploads/2020/12/Wildberry.jpg,,,,,,,,,0
336,simple,,CANADIAN CLUB DRY 10PK CANS,1,0,visible,,,,,taxable,,1,,,0,0,,,,,0,,,24.99,RTD's,,,http://localhost/liquorhutotahuhu/wp-content/uploads/2020/12/canadian-club-dry-10pk-cans.png,,,,,,,,,0
337,simple,,42 BELOW 700ML PLAIN,1,0,visible,"42 Below's signature vodka, made with the pure softness of New Zealand spring water. It's a pure, crisp vodka, distilled three times, washed in spring water and distilled a fourth time to create a totally pure spirit.",,,,taxable,,1,,,0,0,,,,,0,,,44.99,"Spirits, Vodka",,,http://localhost/liquorhutotahuhu/wp-content/uploads/2020/12/42BelowPure.jpg,,,,,,,,,0
338,simple,,42 BELOW FEIJOA 1LTR,1,0,visible,"It has a unique aroma of mint, apple and fresh feijoa and an intense flavour with notes of lime, guava, pear and pepper, with a crisp finish",,,,taxable,,1,,,0,0,,,,,0,,,53.99,"Spirits, Vodka",,,http://localhost/liquorhutotahuhu/wp-content/uploads/2020/12/0031212_42-below-feijoa-vodka-1000ml.jpeg,,,,,,,,,0
339,simple,,42 BELOW PASSION FRUIT 700ML,1,0,visible,,,,,taxable,,1,,,0,0,,,,,0,,,44.99,"Spirits, Vodka",,,http://localhost/liquorhutotahuhu/wp-content/uploads/2020/12/92766.png,,,,,,,,,0
345,simple,,42 BELOW FEIJOA 700ML,1,0,visible,"It has a unique aroma of mint, apple and fresh feijoa and an intense flavour with notes of lime, guava, pear and pepper, with a crisp finish",,,,taxable,,1,,,0,0,,,,,0,,,44.99,"Spirits, Vodka",,,http://localhost/liquorhutotahuhu/wp-content/uploads/2020/12/0031212_42-below-feijoa-vodka-1000ml-1.jpeg,,,,,,,,,0
346,simple,,BACARDI OAKHEART 1 LTR,1,0,visible,,,,,taxable,,1,,,0,0,,,,,0,,,44.99,"Rum, Spirits",,,http://localhost/liquorhutotahuhu/wp-content/uploads/2020/12/download-1.jpg,,,,,,,,,0
347,simple,,CANADIAN CLUB 1L,1,0,visible,,,,,taxable,,1,,,0,0,,,,,0,,47.99,49.99,"Spirits, Whiskey",,,http://localhost/liquorhutotahuhu/wp-content/uploads/2020/12/canadian.jpg,,,,,,,,,0
348,simple,,JIM BEAM DEVILS CUT 45% 1L,1,0,visible,,,,,taxable,,1,,,0,0,,,,,0,,,53.99,"Bourbon, Spirits",,,http://localhost/liquorhutotahuhu/wp-content/uploads/2020/12/JB-Devils-cut-NZ-straight-2016.jpg,,,,,,,,,0
349,simple,,PEPE LOPEZ 700ML,1,0,visible,,,,,taxable,,1,,,0,0,,,,,0,,,39.99,"Spirits, TEQUILA",,,http://localhost/liquorhutotahuhu/wp-content/uploads/2020/12/Pepe-Lopez-Gold-Tequila-700ml-Image.jpg,,,,,,,,,0
354,simple,,SOUTHERN COMFORT 1L,1,0,visible,,,,,taxable,,1,,,0,0,,,,,0,,,47.99,"Spirits, Whiskey",,,http://localhost/liquorhutotahuhu/wp-content/uploads/2020/12/Southern-Comfort.jpg,,,,,,,,,0
355,simple,,SMIRNOFF RASPBERRY 700ML,1,0,visible,,,,,taxable,,1,,,0,0,,,,,0,,,36.99,"Spirits, Vodka",,,http://localhost/liquorhutotahuhu/wp-content/uploads/2020/12/0015270_smirnoff-30-raspberry-vodka-700ml.jpeg,,,,,,,,,0
356,simple,,FINLENDIA 1 LTR,1,0,visible,,,,,taxable,,1,,,0,0,,,,,0,,,45.99,"Spirits, Vodka",,,http://localhost/liquorhutotahuhu/wp-content/uploads/2020/12/finla.png,,,,,,,,,0
357,simple,,ABSOLUTE VODKA LIME 700ML,1,0,visible,,,,,taxable,,1,,,0,0,,,,,0,,,39.99,"Spirits, Vodka",,,http://localhost/liquorhutotahuhu/wp-content/uploads/2020/12/absolutlime.png,,,,,,,,,0
363,simple,,ABSOLUT RASPBERRY 700ML,1,0,visible,,,,,taxable,,1,,,0,0,,,,,0,,,39.99,"Spirits, Vodka",,,http://localhost/liquorhutotahuhu/wp-content/uploads/2020/12/absoluterasp.png,,,,,,,,,0
364,simple,,CHATELLE NAP BRANDY 1L,1,0,visible,,,,,taxable,,1,,,0,0,,,,,0,,,44.99,"Brandy, Spirits",,,http://localhost/liquorhutotahuhu/wp-content/uploads/2020/12/36506_0_9999_med_v1_m56577569854546272_spo_459_grande.jpg,,,,,,,,,0
365,simple,,CROWN ROYAL 1L,1,0,visible,,,,,taxable,,1,,,0,0,,,,,0,,,59.99,"Spirits, Whiskey",,,http://localhost/liquorhutotahuhu/wp-content/uploads/2020/12/crown_royal_400x400.progressive.jpg,,,,,,,,,0
366,simple,,OLD CROW 1LTR,1,0,visible,,,,,taxable,,1,,,0,0,,,,,0,,,42.99,"Bourbon, Spirits",,,http://localhost/liquorhutotahuhu/wp-content/uploads/2020/12/12703-1-oldcrow.jpg,,,,,,,,,0
367,simple,,MC-KENNA WHISKY 1L,1,0,visible,,,,,taxable,,1,,,0,0,,,,,0,,,48.99,"Bourbon, Spirits",,,http://localhost/liquorhutotahuhu/wp-content/uploads/2020/12/754704107318dad5179965e0f1869f3c-cc3fce18-b8dd-4627-be33-c8339cfac108-PRODUCT_300x300.jpg,,,,,,,,,0
373,simple,,CANTERBERRY CREAM 750ML,1,0,visible,,,,,taxable,,1,,,0,0,,,,,0,,,17.99,"Liqueurs, Spirits",,,http://localhost/liquorhutotahuhu/wp-content/uploads/2020/12/0008986_canterbury-cream-original-750ml_spo_401_grande.jpg,,,,,,,,,0
374,simple,,BAILEY'S STRWABERRY 700 ML,1,0,visible,,,,,taxable,,1,,,0,0,,,,,0,,,36.99,"Liqueurs, Spirits",,,http://localhost/liquorhutotahuhu/wp-content/uploads/2020/12/Baileys-Strawberry-and-Cream_large.png,,,,,,,,,0
375,simple,,Fat Bird Pinot Gris 750ML,1,0,visible,,,,,taxable,,1,,,0,0,,,,,0,,,9.99,Wine,,,http://localhost/liquorhutotahuhu/wp-content/uploads/2020/12/0005287.jpg,,,,,,,,,0
376,simple,,CANADIAN CLUB ZERO 10PK CANS,1,0,visible,,,,,taxable,,1,,,0,0,,,,,0,,,24.99,RTD's,,,http://localhost/liquorhutotahuhu/wp-content/uploads/2020/12/0019931_canadian-club-n-zero-dry-10pk-cans.jpeg,,,,,,,,,0
377,simple,,42 BELOW PLAIN 1 LTR,1,0,visible,"42 Below's signature vodka, made with the pure softness of New Zealand spring water. It's a pure, crisp vodka, distilled three times, washed in spring water and distilled a fourth time to create a totally pure spirit.",,,,taxable,,1,,,0,0,,,,,0,,,53.99,"Spirits, Vodka",,,http://localhost/liquorhutotahuhu/wp-content/uploads/2020/12/42_Below_Vodka_1_Litre_420009_L_1024x1024.png,,,,,,,,,0
383,simple,,HENNESY VSOP 700ML,1,0,visible,,,,,taxable,,1,,,0,0,,,,,0,,,99.99,"COGNAC, Spirits",,,http://localhost/liquorhutotahuhu/wp-content/uploads/2020/12/0006895.jpeg,,,,,,,,,0
384,simple,,ALIZE BLUE 700ML,1,0,visible,,,,,taxable,,1,,,0,0,,,,,0,,,39.99,"Liqueurs, Spirits",,,http://localhost/liquorhutotahuhu/wp-content/uploads/2020/12/ALIZE-BLUE-700ML.jpeg,,,,,,,,,0
385,simple,,ALIZE GOLD 700ML,1,0,visible,,,,,taxable,,1,,,0,0,,,,,0,,,39.99,"Liqueurs, Spirits",,,http://localhost/liquorhutotahuhu/wp-content/uploads/2020/12/alize-gold-passion-liqueur-700ml-liqueur_2048x.jpg,,,,,,,,,0
386,simple,,STEINLAGER PURE 15PK BTLS,1,0,visible,,,,,taxable,,1,,,0,0,,,,,0,,,32.99,Beer,,,http://localhost/liquorhutotahuhu/wp-content/uploads/2020/12/0015776_steinlager-pure-5-15pk-btls-330ml.jpeg,,,,,,,,,0
387,simple,,NITRO 2X1.25 ORIGINAL,1,0,visible,,,,,taxable,,1,,,0,0,,,,,0,,,24.99,RTD's,,,http://localhost/liquorhutotahuhu/wp-content/uploads/2020/12/article-7597.jpg,,,,,,,,,0
393,simple,,NITRO VENGENCE 2X1.25L,1,0,visible,,,,,taxable,,1,,,0,0,,,,,0,,,24.99,RTD's,,,http://localhost/liquorhutotahuhu/wp-content/uploads/2020/12/download-2.jpg,,,,,,,,,0
394,simple,,NITRO ORANGE 2X1.25L,1,0,visible,,,,,taxable,,1,,,0,0,,,,,0,,,24.99,RTD's,,,http://localhost/liquorhutotahuhu/wp-content/uploads/2020/12/0014617.jpeg,,,,,,,,,0
395,simple,,NITRO APPLE 2X1.25 LTR,1,0,visible,,,,,taxable,,1,,,0,0,,,,,0,,,24.99,RTD's,,,http://localhost/liquorhutotahuhu/wp-content/uploads/2020/12/0029139_nitro-twisted-apple-125-ltr_125.jpeg,,,,,,,,,0
396,simple,,JACK DANIEL'S DOUBLE JACK 10PK CANS,1,0,visible,,,,,taxable,,1,,,0,0,,,,,0,,,34.99,RTD's,,,http://localhost/liquorhutotahuhu/wp-content/uploads/2020/12/ff71aa6189c8e7395fc245e2a5f9c49faa839eb0.jpg,,,,,,,,,0
397,simple,,VAILIMA SAMOA BEER 12PK BTLS 750ML,1,0,visible,<em><strong>AVAILABLE ONLY IN AUCKLAND STORE</strong></em>,,,,taxable,,1,,,0,0,,,,,0,,,69.99,Beer,,,http://localhost/liquorhutotahuhu/wp-content/uploads/2020/12/0012196_vailima-strong-67-bottle-each.jpeg,,,,,,,,,0
403,simple,,SMIRNOFF 10PK 5% RED BTLS,1,0,visible,,,,,taxable,,1,,,0,0,,,,,0,,,26.99,RTD's,,,http://localhost/liquorhutotahuhu/wp-content/uploads/2020/12/Smirnoff_Ice_10pk_300ml_bottle.jpg,,,,,,,,,0
404,simple,,WOODSTOCK BLACK 10PK CANS,1,0,visible,,,,,taxable,,1,,,0,0,,,,,0,,,29.99,RTD's,,,http://localhost/liquorhutotahuhu/wp-content/uploads/2020/12/10.jpeg,,,,,,,,,0
405,simple,,Stone's green ginger wine 750ML,1,0,visible,,,,,taxable,,1,,,0,0,,,,,0,,,19.99,Wine,,,http://localhost/liquorhutotahuhu/wp-content/uploads/2020/12/0005992.jpeg,,,,,,,,,0
406,simple,,GALLIANO BLACK SAMBUCA 700ML,1,0,visible,,,,,taxable,,1,,,0,0,,,,,0,,,52.99,"Liqueurs, Spirits",,,http://localhost/liquorhutotahuhu/wp-content/uploads/2020/12/3450-400x800-1.jpg,,,,,,,,,0
407,simple,,BANROCK MOSCATO 750ML,1,0,visible,,,,,taxable,,1,,,0,0,,,,,0,,,12.99,Wine,,,http://localhost/liquorhutotahuhu/wp-content/uploads/2020/12/Banrock-Station-Moscatso-OL.png,,,,,,,,,0
413,simple,,BLENDERS PRIDE 750ML,1,0,visible,,,,,taxable,,1,,,0,0,,,,,0,,,39.99,"Spirits, Whiskey",,,http://localhost/liquorhutotahuhu/wp-content/uploads/2020/12/0010971_blenders-pride-428-premium-indian-spirit-750ml.jpg,,,,,,,,,0
414,simple,,JIM BEAM 18PK CANS,1,0,visible,,,,,taxable,,1,,,0,0,,,,,0,,37.99,39.99,RTD's,,,http://localhost/liquorhutotahuhu/wp-content/uploads/2020/12/jim-beam-bourbon-n-cola-18pk-cans-330ml-1.jpg,,,,,,,,,0
415,simple,,KINGFISHER 12PK 7.2% 500ML CANS,1,0,visible,,,,,taxable,,1,,,0,0,,,,,0,,,49.99,Beer,,,http://localhost/liquorhutotahuhu/wp-content/uploads/2020/12/KINGFISER.png,,,,,,,,,0
416,simple,,MACS GOLD 12PK BTLS,1,0,visible,,,,,taxable,,1,,,0,0,,,,,0,,,29.99,Beer,,,http://localhost/liquorhutotahuhu/wp-content/uploads/2020/12/MACS-GOLD-12-PK-BTL.jpg,,,,,,,,,0
417,simple,,MACS GREEN BERET 12PK BTLS,1,0,visible,,,,,taxable,,1,,,0,0,,,,,0,,,29.99,Beer,,,http://localhost/liquorhutotahuhu/wp-content/uploads/2020/12/MacsGreenBeret12s.jpg,,,,,,,,,0
423,simple,,MACS 3 WOLVES 12PK BTLS,1,0,visible,,,,,taxable,,1,,,0,0,,,,,0,,,29.99,Beer,,,http://localhost/liquorhutotahuhu/wp-content/uploads/2020/12/MacsThreeWolves12s.jpg,,,,,,,,,0
424,simple,,PENFOLD KOONUNGA HILL CAB/SAV 750ML,1,0,visible,,,,,taxable,,1,,,0,0,,,,,0,,,19.99,Wine,,,http://localhost/liquorhutotahuhu/wp-content/uploads/2020/12/Penfolds-Koonunga-Hill-Cabernet-Sauvignon.jpg,,,,,,,,,0
425,simple,,PENFOLDS BIN28 SHIRAZ 750ML,1,0,visible,<em><strong>AVAILABLE ONLY IN AUCKLAND STORE </strong></em>,,,,taxable,,1,,,0,0,,,,,0,,,36.99,Wine,,,http://localhost/liquorhutotahuhu/wp-content/uploads/2020/12/penfolds-bin-28-kalimna-shiraz-31.1566962386.jpg,,,,,,,,,0
426,simple,,PENFOLD KOONUNGA HILL SHIRAZ 750ML,1,0,visible,,,,,taxable,,1,,,0,0,,,,,0,,,19.99,Wine,,,http://localhost/liquorhutotahuhu/wp-content/uploads/2020/12/Penfolds-Koonunga-Hill-Shiraz.jpg,,,,,,,,,0
427,simple,,PALS LIME SODA 10PK 330ML CANS,1,0,visible,,,,,taxable,,1,,,0,0,,,,,0,,,29.99,RTD's,,,http://localhost/liquorhutotahuhu/wp-content/uploads/2020/12/0031411.jpeg,,,,,,,,,0
433,simple,,PALS WHISKEY APPLE 10PK CAN,1,0,visible,,,,,taxable,,1,,,0,0,,,,,0,,,29.99,RTD's,,,http://localhost/liquorhutotahuhu/wp-content/uploads/2020/12/Pals-AMERICAN-WHISKEY-HAWKES-BAY-APPLE-SODA-.png,,,,,,,,,0
434,simple,,SCRUMPY RASPBERRY 1.25 LTR,1,0,visible,,,,,taxable,,1,,,0,0,,,,,0,,,11.99,CIDERS,,,http://localhost/liquorhutotahuhu/wp-content/uploads/2020/12/Scrumpy-Raspberry-Cider-1.25Ltr.jpg,,,,,,,,,0
435,simple,,SCRUMPY APPLE 1.25 LTR,1,0,visible,,,,,taxable,,1,,,0,0,,,,,0,,,11.99,CIDERS,,,http://localhost/liquorhutotahuhu/wp-content/uploads/2020/12/Scrumpy-Apple-Cider-1.25Ltr.jpg,,,,,,,,,0
436,simple,,THE NED PINOT NOIR 750ML,1,0,visible,,,,,taxable,,1,,,0,0,,,,,0,,,24.99,Wine,,,http://localhost/liquorhutotahuhu/wp-content/uploads/2020/12/thenedpinot-noir.png,,,,,,,,,0
437,simple,,WILD TURKEY 1L,1,0,visible,,,,,taxable,,1,,,0,0,,,,,0,,,56.99,"Bourbon, Spirits",,,http://localhost/liquorhutotahuhu/wp-content/uploads/2020/12/WildTurkey_86_8_1L.jpg,,,,,,,,,0
443,simple,,GALLIANO WHT SAMBUCA 700ML,1,0,visible,,,,,taxable,,1,,,0,0,,,,,0,,,52.99,"Liqueurs, Spirits",,,http://localhost/liquorhutotahuhu/wp-content/uploads/2020/12/galliano-white-sambuca-700ml.jpeg,,,,,,,,,0
444,simple,,THE LAST SHEPHERD P/NOIR 750ML,1,0,visible,<em><strong>AVAILABLE ONLY IN AUCKLAND STORE</strong></em>,,,,taxable,,1,,,0,0,,,,,0,,,24.99,Wine,,,http://localhost/liquorhutotahuhu/wp-content/uploads/2020/12/249982_the-last-shepherd-pinot-noir-_1_spo_660_grande.jpg,,,,,,,,,0
445,simple,,VELLUTO ROSSO  3LTR CASK,1,0,visible,<em><strong>AVAILABLE ONLY IN AUCKLAND STORE</strong></em>,,,,taxable,,1,,,0,0,,,,,0,,,31.99,Wine,Best Sellers,,http://localhost/liquorhutotahuhu/wp-content/uploads/2020/12/VELLUTO-ROSSO.jpg,,,,,,,,,0
446,simple,,Lion Brown 440ML Cans 18PK,1,0,visible,,,,,taxable,,1,,,0,0,,,,,0,,,29.99,Beer,Best Sellers,,http://localhost/liquorhutotahuhu/wp-content/uploads/2020/12/5028628.png,,,,,,,,,0
447,simple,,CORUBA GOLD 1 LTR,1,0,visible,BARREL AGED JAMAICAN RUM,,,,taxable,,1,,,0,0,,,,,0,,,44.99,"Rum, Spirits",,,http://localhost/liquorhutotahuhu/wp-content/uploads/2020/12/Coruba_Gold_1L-1.jpg,,,,,,,,,0
452,simple,,MIDORI 700ML,1,0,visible,"Midori is a bright green, sweet Japanese honeydew melon flavoured liqueur produced by Suntory. Midori’s unique melon taste makes it the most refreshing and versatile mixer around. As well as adapting itself to traditional recipes, Midori's versatility also extends to original cocktails.",,,,taxable,,1,,,0,0,,,,,0,,39.99,43.99,"Liqueurs, Spirits",Best Sellers,,http://localhost/liquorhutotahuhu/wp-content/uploads/2020/12/Midori-generic-bottle.jpg,,,,,,,,,0
453,simple,,Calsberg 24PK,1,0,visible,,,,,taxable,,1,,,0,0,,,,,0,,,49.99,Beer,Best Sellers,,http://localhost/liquorhutotahuhu/wp-content/uploads/2020/12/0016994_carlsberg-24pk-bottles-330ml.jpg,,,,,,,,,0
454,simple,,Stil 12PK,1,0,visible,,,,,taxable,,1,,,0,0,,,,,0,,,24.99,RTD's,Best Sellers,,http://localhost/liquorhutotahuhu/wp-content/uploads/2020/12/f21c2ddf9e3171e10899ae8a0d14585b-64feed77-4628-4bed-92cb-b8ffdce3c2de-PRODUCT_920x.jpg,,,,,,,,,0
455,simple,,Diesel 7% 24pk cans,1,0,visible,,,,,taxable,,1,,,0,0,,,,,0,,59.99,64.99,RTD's,Best Sellers,,http://localhost/liquorhutotahuhu/wp-content/uploads/2020/12/0002130_diesel-bourbon-cola-7-6-pack-cans_415_900x.png,,,,,,,,,0
460,simple,,SOMERSBY PEAR CIDER 12PK,1,0,visible,<em>Easy drinking pear cider with an intense fruity taste. Pleasant sweetness and slightly sour combination for a very refreshing drink.</em>,,,,taxable,,1,,,0,0,,,,,0,,,24.99,CIDERS,Best Sellers,,http://localhost/liquorhutotahuhu/wp-content/uploads/2020/12/somersby-pear-cider-45-12pk-bottles-330ml-201842613580-xid_thumb.jpg,,,,,,,,,0
461,simple,,MONTEITH APPLE CIDER 12PK BTLS,1,0,visible,"<em>A refreshing and easy drinking dry-style cider, made from 100% freshly crushed New Zealand apples. Serve over ice for the ultimate refreshment hit. </em>\n\n<em>Food Match:- Try with sweet French crepes, or a slice of soft blue cheese and nutty Gouda with crackers. </em>",,,,taxable,,1,,,0,0,,,,,0,,,26.99,CIDERS,Best Sellers,,http://localhost/liquorhutotahuhu/wp-content/uploads/2020/12/0015189_monteiths-apple-cider-12pk-btls-330ml.jpeg,,,,,,,,,0
462,simple,,WOODSTOCK 1 LTR,1,0,visible,"Premium reserve Black Label Kentucky bourbon.\n\nAged in barrel woods with a gourmet mellow flavour\n\n&nbsp;",,,,taxable,,1,,,0,0,,,,,0,,,42.99,"Bourbon, Spirits",Best Sellers,,http://localhost/liquorhutotahuhu/wp-content/uploads/2020/12/woodstock-20161228155627-msr_thumb.jpg,,,,,,,,,0
463,simple,,FIREBALL 700ML,1,0,visible,,,,,taxable,,1,,,0,0,,,,,0,,,49.99,"Spirits, Whiskey",Best Sellers,,http://localhost/liquorhutotahuhu/wp-content/uploads/2020/12/fireball-cinnamon-whisky-700ml-20181115124041-uyl.jpg,,,,,,,,,0
469,simple,,JOHNNIE WALKER WHITE WALKER 750,1,0,visible,"<em><strong>This limited edition</strong> </em>blend brings you right to the Frozen North with an icy white and blue design along with the iconic Johnnie Walker Striding Man now fashioned in armour to fit in among the ranks of the Night King’s forces. Utilising temperature-sensitive ink technology, fans will be reminded that “Winter is Here” from an unexpected graphic icy reveal on the bottle when frozen.\n\n&nbsp;",,,,taxable,,1,,,0,0,,,,,0,,78.99,84.99,"Spirits, Whiskey",Best Sellers,,http://localhost/liquorhutotahuhu/wp-content/uploads/2020/12/johnnie-walker-white-walker__59558.1539099922.1280.1280.jpg,,,,,,,,,0
470,simple,,Baileys Salted Caramel,1,0,visible,,,,,taxable,,1,,,0,0,,,,,0,,,44.99,"Liqueurs, Spirits",Best Sellers,,http://localhost/liquorhutotahuhu/wp-content/uploads/2020/12/0012291_baileys-salted-caramel-1-ltr.jpg,,,,,,,,,0
471,simple,,Cruiser raspberry zero 12pk can,1,0,visible,,,,,taxable,,1,,,0,0,,,,,0,,,24.99,RTD's,Best Sellers,,http://localhost/liquorhutotahuhu/wp-content/uploads/2020/12/0028418_cruiser-7-zero-sugar-raspberry-12pk-cans-250ml.jpeg,,,,,,,,,0
472,simple,,Jura 10YO 750Ml,1,0,visible,,,,,taxable,,1,,,0,0,,,,,0,,,89.99,"Spirits, Whiskey",Best Sellers,,http://localhost/liquorhutotahuhu/wp-content/uploads/2020/12/iojob.10yov9.jpg,,,,,,,,,0
473,simple,,KAHLUA SALTED CARAMEL 1 LTR,1,0,visible,"Kahlua Salted Caramel Liqueur 1ltr. Blends the tasty combination of salty and sweet. The decadent and smooth notes of salted caramel balance perfectly with the taste of Kahlua, allowing for a sweet indulgence that is reminiscent of simple pleasures and good times.",,,,taxable,,1,,,0,0,,,,,0,,,43.99,"Liqueurs, Spirits",Best Sellers,,http://localhost/liquorhutotahuhu/wp-content/uploads/2020/12/0021489_kahlua-salted-caramel-1ltr.jpeg,,,,,,,,,0
481,simple,,BARREL 51 18PK BTLS,1,0,visible,,,,,taxable,,1,,,0,0,,,,,0,,,34.99,RTD's,Best Sellers,,http://localhost/liquorhutotahuhu/wp-content/uploads/2020/12/0007363_barrel-51-5-bourbon-n-cola-18pk-bottles-330ml.jpeg,,,,,,,,,0
482,simple,,Riverstone sav blanc. 750ml,1,0,visible,,,,,taxable,,1,,,0,0,,,,,1,,,8.99,Uncategorized,Best Sellers,,http://localhost/liquorhutotahuhu/wp-content/uploads/2020/12/0025931.jpeg,,,,,,,,,0
483,simple,,Riverstone pinot gris 750ml,1,0,visible,,,,,taxable,,1,,,0,0,,,,,1,,,8.99,Uncategorized,Best Sellers,,http://localhost/liquorhutotahuhu/wp-content/uploads/2020/12/Riverstone-Pinot-Gris-Riverstone.jpg,,,,,,,,,0
484,simple,,Riverstone classic red,1,0,visible,,,,,taxable,,1,,,0,0,,,,,1,,,8.99,Uncategorized,Best Sellers,,http://localhost/liquorhutotahuhu/wp-content/uploads/2020/12/riverstone-classic-red-2018830165855-mqx_thumb.jpg,,,,,,,,,0
485,simple,,HENNESSY VSOP 700ML,1,0,visible,,,,,taxable,,1,,,0,0,,,,,0,,95,99.99,"Spirits > Brandy, Spirits",Best Sellers,,http://localhost/liquorhutotahuhu/wp-content/uploads/2020/12/Hennessy-VSOP-Privilege-700ml_large.png,,,,,,,,,0